category_id,category_name,category_code,category_link,subcategory_id,subcategory_name,subcategory_code,subcategory_link
3,有声书,youshengshu,/youshengshu/,3776,文学,wenxue,/youshengshu/wenxue/
3,有声书,youshengshu,/youshengshu/,3772,生活,shenghuo,/youshengshu/shenghuo/
3,有声书,youshengshu,/youshengshu/,3773,教材,jiaocai,/youshengshu/jiaocai/
3,有声书,youshengshu,/youshengshu/,3774,经典,jingdian,/youshengshu/jingdian/
3,有声书,youshengshu,/youshengshu/,3775,童书,tongshu,/youshengshu/tongshu/
3,有声书,youshengshu,/youshengshu/,3473,成长,lizhi,/youshengshu/lizhi/
3,有声书,youshengshu,/youshengshu/,3777,社科,sheke,/youshengshu/sheke/
3,有声书,youshengshu,/youshengshu/,3474,商业,shangye,/youshengshu/shangye/
3,有声书,youshengshu,/youshengshu/,3763,外文原版,yingwenyuanban,/youshengshu/yingwenyuanban/
3,有声书,youshengshu,/youshengshu/,4467,期刊杂志,qikanzazhi,/youshengshu/qikanzazhi/
3,有声书,youshengshu,/youshengshu/,6660231,言情,reci231,/youshengshu/reci231/
3,有声书,youshengshu,/youshengshu/,6660232,悬疑,reci232,/youshengshu/reci232/
3,有声书,youshengshu,/youshengshu/,6660235,都市,reci235,/youshengshu/reci235/
3,有声书,youshengshu,/youshengshu/,6660233,幻想,reci233,/youshengshu/reci233/
3,有声书,youshengshu,/youshengshu/,6660238,武侠,reci238,/youshengshu/reci238/
3,有声书,youshengshu,/youshengshu/,6660234,历史,reci234,/youshengshu/reci234/
3,有声书,youshengshu,/youshengshu/,6660346,女生最爱,reci346,/youshengshu/reci346/
3,有声书,youshengshu,/youshengshu/,6660348,男生最爱,reci348,/youshengshu/reci348/
3,有声书,youshengshu,/youshengshu/,6660022,阅文集团,reci22,/youshengshu/reci22/
3,有声书,youshengshu,/youshengshu/,6660023,读客图书,reci23,/youshengshu/reci23/
3,有声书,youshengshu,/youshengshu/,6660024,果麦文化,reci24,/youshengshu/reci24/
3,有声书,youshengshu,/youshengshu/,6660646,中信书院,reci646,/youshengshu/reci646/
3,有声书,youshengshu,/youshengshu/,6660026,博集新媒,reci26,/youshengshu/reci26/
3,有声书,youshengshu,/youshengshu/,6660394,磨铁阅读,reci394,/youshengshu/reci394/
3,有声书,youshengshu,/youshengshu/,6660419,蓝狮子,reci419,/youshengshu/reci419/
3,有声书,youshengshu,/youshengshu/,6660650,华章图书,reci650,/youshengshu/reci650/
3,有声书,youshengshu,/youshengshu/,6661051,大剧必听榜,reci1051,/youshengshu/reci1051/
3,有声书,youshengshu,/youshengshu/,6661055,会员有声小说,reci1055,/youshengshu/reci1055/
3,有声书,youshengshu,/youshengshu/,6661069,爆更小说,reci1069,/youshengshu/reci1069/
3,有声书,youshengshu,/youshengshu/,6661157,文学名著,reci1157,/youshengshu/reci1157/
3,有声书,youshengshu,/youshengshu/,6661158,历史专区,reci1158,/youshengshu/reci1158/
3,有声书,youshengshu,/youshengshu/,6661159,国学经典,reci1159,/youshengshu/reci1159/
3,有声书,youshengshu,/youshengshu/,6661173,小说,reci1173,/youshengshu/reci1173/
3,有声书,youshengshu,/youshengshu/,6661192,言情女生,reci1192,/youshengshu/reci1192/
3,有声书,youshengshu,/youshengshu/,6661194,都市重生,reci1194,/youshengshu/reci1194/
3,有声书,youshengshu,/youshengshu/,6661193,悬疑推理,reci1193,/youshengshu/reci1193/
3,有声书,youshengshu,/youshengshu/,6661195,历史纵横,reci1195,/youshengshu/reci1195/
3,有声书,youshengshu,/youshengshu/,6661196,仙侠幻想,reci1196,/youshengshu/reci1196/
3,有声书,youshengshu,/youshengshu/,6661264,王牌强档,reci1264,/youshengshu/reci1264/
3,有声书,youshengshu,/youshengshu/,6661351,有声漫,reci1351,/youshengshu/reci1351/
3,有声书,youshengshu,/youshengshu/,6661359,出版小说,reci1359,/youshengshu/reci1359/
3,有声书,youshengshu,/youshengshu/,6661370,历史经典,reci1370,/youshengshu/reci1370/
3,有声书,youshengshu,/youshengshu/,6661449,宅家听书指南,reci1449,/youshengshu/reci1449/
3,有声书,youshengshu,/youshengshu/,6661470,可听可看,reci1470,/youshengshu/reci1470/
3,有声书,youshengshu,/youshengshu/,6661475,看小说,reci1475,/youshengshu/reci1475/
3,有声书,youshengshu,/youshengshu/,6661477,新品限免,reci1477,/youshengshu/reci1477/
3,有声书,youshengshu,/youshengshu/,6661518,会员上新,reci1518,/youshengshu/reci1518/
3,有声书,youshengshu,/youshengshu/,6661519,上门女婿,reci1519,/youshengshu/reci1519/
3,有声书,youshengshu,/youshengshu/,6661521,大家都在听,reci1521,/youshengshu/reci1521/
3,有声书,youshengshu,/youshengshu/,6661529,大家都在追,reci1529,/youshengshu/reci1529/
3,有声书,youshengshu,/youshengshu/,6661530,豪门恋情,reci1530,/youshengshu/reci1530/
3,有声书,youshengshu,/youshengshu/,6661531,古风言情,reci1531,/youshengshu/reci1531/
3,有声书,youshengshu,/youshengshu/,6661532,宫闱宅斗,reci1532,/youshengshu/reci1532/
3,有声书,youshengshu,/youshengshu/,6661533,免费精选,reci1533,/youshengshu/reci1533/
3,有声书,youshengshu,/youshengshu/,6661692,传记,reci1692,/youshengshu/reci1692/
3,有声书,youshengshu,/youshengshu/,6661693,畅销书-限时免费,reci1693,/youshengshu/reci1693/
3,有声书,youshengshu,/youshengshu/,6661697,三体科幻,reci1697,/youshengshu/reci1697/
3,有声书,youshengshu,/youshengshu/,6661698,重磅新品,reci1698,/youshengshu/reci1698/
3,有声书,youshengshu,/youshengshu/,6661722,热门小说,reci1722,/youshengshu/reci1722/
2,音乐,yinyue,/yinyue/,137,流行,liuxing,/yinyue/liuxing/
2,音乐,yinyue,/yinyue/,143,摇滚,yaogun,/yinyue/yaogun/
2,音乐,yinyue,/yinyue/,139,民谣,minyao,/yinyue/minyao/
2,音乐,yinyue,/yinyue/,145,轻音乐,qingyinyue,/yinyue/qingyinyue/
2,音乐,yinyue,/yinyue/,1748,古风,gufeng,/yinyue/gufeng/
2,音乐,yinyue,/yinyue/,138,爵士,jueshi,/yinyue/jueshi/
2,音乐,yinyue,/yinyue/,2674,蓝调,landiao,/yinyue/landiao/
2,音乐,yinyue,/yinyue/,564,乡村,xiangcun,/yinyue/xiangcun/
2,音乐,yinyue,/yinyue/,142,古典,gudian,/yinyue/gudian/
2,音乐,yinyue,/yinyue/,1470,R&B,r,/yinyue/r/
2,音乐,yinyue,/yinyue/,2673,嘻哈,xiha,/yinyue/xiha/
2,音乐,yinyue,/yinyue/,842,电音,dianyin,/yinyue/dianyin/
2,音乐,yinyue,/yinyue/,843,后摇,houyao,/yinyue/houyao/
2,音乐,yinyue,/yinyue/,1750,新世纪,xinshiji,/yinyue/xinshiji/
2,音乐,yinyue,/yinyue/,1747,民乐,minyue,/yinyue/minyue/
2,音乐,yinyue,/yinyue/,1752,声乐,shengyue,/yinyue/shengyue/
2,音乐,yinyue,/yinyue/,4251,拉丁,lading,/yinyue/lading/
2,音乐,yinyue,/yinyue/,4252,金属,jinshu,/yinyue/jinshu/
2,音乐,yinyue,/yinyue/,4253,布鲁斯,bulusi,/yinyue/bulusi/
2,音乐,yinyue,/yinyue/,4254,独立,duli,/yinyue/duli/
2,音乐,yinyue,/yinyue/,4255,灵魂,linghun,/yinyue/linghun/
2,音乐,yinyue,/yinyue/,4256,雷鬼,leigui,/yinyue/leigui/
2,音乐,yinyue,/yinyue/,4257,动漫,anime,/yinyue/anime/
2,音乐,yinyue,/yinyue/,4258,影视原声,yingshiyuansheng,/yinyue/yingshiyuansheng/
2,音乐,yinyue,/yinyue/,4259,朋克,punk,/yinyue/punk/
2,音乐,yinyue,/yinyue/,4260,舞台,wutai,/yinyue/wutai/
2,音乐,yinyue,/yinyue/,4261,儿歌,erge,/yinyue/erge/
2,音乐,yinyue,/yinyue/,1749,实验音乐,shiyanyinyue,/yinyue/shiyanyinyue/
2,音乐,yinyue,/yinyue/,3045,喜剧,xiju,/yinyue/xiju/
2,音乐,yinyue,/yinyue/,4055,其它,qita,/yinyue/qita/
2,音乐,yinyue,/yinyue/,4906,养生,yangsheng,/yinyue/yangsheng/
2,音乐,yinyue,/yinyue/,4907,红歌,hongge,/yinyue/hongge/
2,音乐,yinyue,/yinyue/,4908,戏曲,xiqu,/yinyue/xiqu/
2,音乐,yinyue,/yinyue/,6660322,催眠,reci322,/yinyue/reci322/
2,音乐,yinyue,/yinyue/,6660001,新歌,reci1,/yinyue/reci1/
2,音乐,yinyue,/yinyue/,6660327,经典老歌,reci327,/yinyue/reci327/
2,音乐,yinyue,/yinyue/,6660125,翻唱,reci125,/yinyue/reci125/
2,音乐,yinyue,/yinyue/,6660310,纯音乐,reci310,/yinyue/reci310/
2,音乐,yinyue,/yinyue/,6660117,怀旧,reci117,/yinyue/reci117/
2,音乐,yinyue,/yinyue/,6660121,影视,reci121,/yinyue/reci121/
2,音乐,yinyue,/yinyue/,6660507,欧美,reci507,/yinyue/reci507/
2,音乐,yinyue,/yinyue/,6660506,日韩,reci506,/yinyue/reci506/
2,音乐,yinyue,/yinyue/,6660320,创作达人,reci320,/yinyue/reci320/
2,音乐,yinyue,/yinyue/,6660309,明星电台,reci309,/yinyue/reci309/
12,相声评书,xiangsheng,/xiangsheng/,20,相声,xiangsheng,/xiangsheng/xiangsheng/
12,相声评书,xiangsheng,/xiangsheng/,21,评书,pingshu,/xiangsheng/pingshu/
12,相声评书,xiangsheng,/xiangsheng/,22,小品,xiaopin,/xiangsheng/xiaopin/
12,相声评书,xiangsheng,/xiangsheng/,1641,鼓曲,guqu,/xiangsheng/guqu/
12,相声评书,xiangsheng,/xiangsheng/,6660556,郭德纲,reci556,/xiangsheng/reci556/
12,相声评书,xiangsheng,/xiangsheng/,6660411,单田芳,reci411,/xiangsheng/reci411/
12,相声评书,xiangsheng,/xiangsheng/,6661087,德云社,reci1087,/xiangsheng/reci1087/
12,相声评书,xiangsheng,/xiangsheng/,6661088,青曲社,reci1088,/xiangsheng/reci1088/
12,相声评书,xiangsheng,/xiangsheng/,6660030,热门相声,reci30,/xiangsheng/reci30/
12,相声评书,xiangsheng,/xiangsheng/,6660549,单口相声,reci549,/xiangsheng/reci549/
12,相声评书,xiangsheng,/xiangsheng/,6660035,名家评书,reci35,/xiangsheng/reci35/
12,相声评书,xiangsheng,/xiangsheng/,6660420,新锐笑将,reci420,/xiangsheng/reci420/
12,相声评书,xiangsheng,/xiangsheng/,6661478,岳云鹏,reci1478,/xiangsheng/reci1478/
12,相声评书,xiangsheng,/xiangsheng/,6660560,相声江湖,reci560,/xiangsheng/reci560/
12,相声评书,xiangsheng,/xiangsheng/,6660561,青曲茶馆,reci561,/xiangsheng/reci561/
12,相声评书,xiangsheng,/xiangsheng/,6660582,刘兰芳,reci582,/xiangsheng/reci582/
12,相声评书,xiangsheng,/xiangsheng/,6661028,评书连播,reci1028,/xiangsheng/reci1028/
12,相声评书,xiangsheng,/xiangsheng/,6661091,精品相声集,reci1091,/xiangsheng/reci1091/
12,相声评书,xiangsheng,/xiangsheng/,6661125,王玥波,reci1125,/xiangsheng/reci1125/
12,相声评书,xiangsheng,/xiangsheng/,6661127,郭鹤鸣,reci1127,/xiangsheng/reci1127/
12,相声评书,xiangsheng,/xiangsheng/,6661128,武启深,reci1128,/xiangsheng/reci1128/
12,相声评书,xiangsheng,/xiangsheng/,6661129,武宗亮,reci1129,/xiangsheng/reci1129/
12,相声评书,xiangsheng,/xiangsheng/,6661130,郑思杰,reci1130,/xiangsheng/reci1130/
12,相声评书,xiangsheng,/xiangsheng/,6661132,评书精选,reci1132,/xiangsheng/reci1132/
12,相声评书,xiangsheng,/xiangsheng/,6661153,张准,reci1153,/xiangsheng/reci1153/
12,相声评书,xiangsheng,/xiangsheng/,6661155,雍正剑侠图,reci1155,/xiangsheng/reci1155/
48,段子,duanzi,/duanzi/,6660656,脱口秀,reci656,/duanzi/reci656/
48,段子,duanzi,/duanzi/,6661029,下班解乏,reci1029,/duanzi/reci1029/
48,段子,duanzi,/duanzi/,6660654,说奇葩事,reci654,/duanzi/reci654/
48,段子,duanzi,/duanzi/,6661030,无聊必听,reci1030,/duanzi/reci1030/
48,段子,duanzi,/duanzi/,6660652,段子,reci652,/duanzi/reci652/
48,段子,duanzi,/duanzi/,6660653,笑话,reci653,/duanzi/reci653/
48,段子,duanzi,/duanzi/,6660655,搞笑方言,reci655,/duanzi/reci655/
10,情感生活,qinggan,/qinggan/,937,情感,qinggan,/qinggan/qinggan/
10,情感生活,qinggan,/qinggan/,7,故事,gushi,/qinggan/gushi/
10,情感生活,qinggan,/qinggan/,216,美文,meiwen,/qinggan/meiwen/
10,情感生活,qinggan,/qinggan/,1482,女性,nvxing,/qinggan/nvxing/
10,情感生活,qinggan,/qinggan/,217,夜话,yehua,/qinggan/yehua/
10,情感生活,qinggan,/qinggan/,215,心理,xinli,/qinggan/xinli/
10,情感生活,qinggan,/qinggan/,221,婚姻,hunyin,/qinggan/hunyin/
10,情感生活,qinggan,/qinggan/,222,星座,xingzuo,/qinggan/xingzuo/
10,情感生活,qinggan,/qinggan/,6660046,睡前,reci46,/qinggan/reci46/
10,情感生活,qinggan,/qinggan/,6660045,恋爱,reci45,/qinggan/reci45/
4,娱乐,yule,/yule/,775,搞笑,gaoxiao,/yule/gaoxiao/
4,娱乐,yule,/yule/,4303,吐槽,tucao,/yule/tucao/
4,娱乐,yule,/yule/,4304,内涵,neihan,/yule/neihan/
4,娱乐,yule,/yule/,4305,恶搞,egao,/yule/egao/
4,娱乐,yule,/yule/,4306,热辣,rela,/yule/rela/
4,娱乐,yule,/yule/,4307,灵异,lingyi,/yule/lingyi/
4,娱乐,yule,/yule/,4308,涨姿势,zhangzishi,/yule/zhangzishi/
4,娱乐,yule,/yule/,4309,真性情,zhenxingqing,/yule/zhenxingqing/
4,娱乐,yule,/yule/,4310,正能量,zhengnengliang,/yule/zhengnengliang/
4,娱乐,yule,/yule/,4733,纪实,jishi,/yule/jishi/
4,娱乐,yule,/yule/,6660508,搞笑段子,reci508,/yule/reci508/
4,娱乐,yule,/yule/,6660421,奇闻怪谈,reci421,/yule/reci421/
4,娱乐,yule,/yule/,6660135,八卦,reci135,/yule/reci135/
4,娱乐,yule,/yule/,6660656,脱口秀,reci656,/yule/reci656/
4,娱乐,yule,/yule/,6660136,明星粉丝,reci136,/yule/reci136/
4,娱乐,yule,/yule/,6660133,综艺,reci133,/yule/reci133/
4,娱乐,yule,/yule/,6661377,刑侦探案,reci1377,/yule/reci1377/
23,影视,yingshi,/yingshi/,424,原声,yuansheng,/yingshi/yuansheng/
23,影视,yingshi,/yingshi/,425,评论,pinglun,/yingshi/pinglun/
23,影视,yingshi,/yingshi/,422,观影指南,guanyingzhinan,/yingshi/guanyingzhinan/
23,影视,yingshi,/yingshi/,1605,配音,peiyin,/yingshi/peiyin/
23,影视,yingshi,/yingshi/,384,音乐,yinyue,/yingshi/yinyue/
23,影视,yingshi,/yingshi/,1060,明星,mingxing,/yingshi/mingxing/
23,影视,yingshi,/yingshi/,6661390,必听影单,reci1390,/yingshi/reci1390/
23,影视,yingshi,/yingshi/,6660072,细说好剧,reci72,/yingshi/reci72/
23,影视,yingshi,/yingshi/,6660071,原声记忆,reci71,/yingshi/reci71/
23,影视,yingshi,/yingshi/,6661536,X分钟听电影,reci1536,/yingshi/reci1536/
6,儿童,ertong,/ertong/,2932,儿童文学,ertongwenxue,/ertong/ertongwenxue/
6,儿童,ertong,/ertong/,2933,科普百科,kepubaike,/ertong/kepubaike/
6,儿童,ertong,/ertong/,2934,少儿音乐,shaoeryinyue,/ertong/shaoeryinyue/
6,儿童,ertong,/ertong/,2935,少儿影视,shaoeryingshi,/ertong/shaoeryingshi/
6,儿童,ertong,/ertong/,2936,少儿英语,xueqianyingyu,/ertong/xueqianyingyu/
6,儿童,ertong,/ertong/,2937,学科教育,xuekejiaoyu,/ertong/xuekejiaoyu/
6,儿童,ertong,/ertong/,2938,少儿国学,shaoerguoxue,/ertong/shaoerguoxue/
6,儿童,ertong,/ertong/,2939,儿童教育,ertongjiaoyu,/ertong/ertongjiaoyu/
6,儿童,ertong,/ertong/,2940,健康,jiankang,/ertong/jiankang/
6,儿童,ertong,/ertong/,2941,父母教育,fumujiaoyu,/ertong/fumujiaoyu/
6,儿童,ertong,/ertong/,2958,少儿艺术,shaoeryishu,/ertong/shaoeryishu/
6,儿童,ertong,/ertong/,6660155,故事,reci155,/ertong/reci155/
6,儿童,ertong,/ertong/,6660337,儿歌,reci337,/ertong/reci337/
6,儿童,ertong,/ertong/,6660336,动画,reci336,/ertong/reci336/
6,儿童,ertong,/ertong/,6660151,科普,reci151,/ertong/reci151/
6,儿童,ertong,/ertong/,6660569,名著,reci569,/ertong/reci569/
6,儿童,ertong,/ertong/,6660152,国学,reci152,/ertong/reci152/
6,儿童,ertong,/ertong/,6660567,绘本,reci567,/ertong/reci567/
6,儿童,ertong,/ertong/,6660154,家教,reci154,/ertong/reci154/
6,儿童,ertong,/ertong/,6660149,母婴,reci149,/ertong/reci149/
6,儿童,ertong,/ertong/,6660771,艺术,reci771,/ertong/reci771/
6,儿童,ertong,/ertong/,6660153,教材,reci153,/ertong/reci153/
6,儿童,ertong,/ertong/,6660555,哄睡,reci555,/ertong/reci555/
9,历史,lishi,/lishi/,3784,正史,zhengshi,/lishi/zhengshi/
9,历史,lishi,/lishi/,1122,野史,yeshi,/lishi/yeshi/
9,历史,lishi,/lishi/,865,军事,junshi,/lishi/junshi/
9,历史,lishi,/lishi/,1112,战争,zhanzheng,/lishi/zhanzheng/
9,历史,lishi,/lishi/,1491,名人,mingren,/lishi/mingren/
9,历史,lishi,/lishi/,1495,纪实,jishi,/lishi/jishi/
9,历史,lishi,/lishi/,1647,传记,zhuanji,/lishi/zhuanji/
9,历史,lishi,/lishi/,7,故事,gushi,/lishi/gushi/
9,历史,lishi,/lishi/,2778,名师,mingshi,/lishi/mingshi/
9,历史,lishi,/lishi/,6660085,百家讲坛,reci85,/lishi/reci85/
9,历史,lishi,/lishi/,6660086,中国史,reci86,/lishi/reci86/
9,历史,lishi,/lishi/,6660091,世界史,reci91,/lishi/reci91/
9,历史,lishi,/lishi/,6660089,名人传,reci89,/lishi/reci89/
9,历史,lishi,/lishi/,6660087,侃野史,reci87,/lishi/reci87/
9,历史,lishi,/lishi/,6660268,春秋战国,reci268,/lishi/reci268/
9,历史,lishi,/lishi/,6660269,秦汉,reci269,/lishi/reci269/
9,历史,lishi,/lishi/,6660270,三国,reci270,/lishi/reci270/
9,历史,lishi,/lishi/,6660271,魏晋,reci271,/lishi/reci271/
9,历史,lishi,/lishi/,6660272,隋唐,reci272,/lishi/reci272/
9,历史,lishi,/lishi/,6660273,宋元,reci273,/lishi/reci273/
9,历史,lishi,/lishi/,6660274,明清,reci274,/lishi/reci274/
9,历史,lishi,/lishi/,6660275,民国,reci275,/lishi/reci275/
9,历史,lishi,/lishi/,6661270,战争史,reci1270,/lishi/reci1270/
9,历史,lishi,/lishi/,6661268,断代史,reci1268,/lishi/reci1268/
8,商业财经,shangye,/shangye/,887,商界,shangjie,/shangye/shangjie/
8,商业财经,shangye,/shangye/,358,理财,licai,/shangye/licai/
8,商业财经,shangye,/shangye/,359,股票,gupiao,/shangye/gupiao/
8,商业财经,shangye,/shangye/,360,投资,touzi,/shangye/touzi/
8,商业财经,shangye,/shangye/,886,创业,chuangye,/shangye/chuangye/
8,商业财经,shangye,/shangye/,888,消费,xiaofei,/shangye/xiaofei/
8,商业财经,shangye,/shangye/,357,经管,jingguan,/shangye/jingguan/
8,商业财经,shangye,/shangye/,361,基金,jijin,/shangye/jijin/
8,商业财经,shangye,/shangye/,2712,房产,fangchan,/shangye/fangchan/
8,商业财经,shangye,/shangye/,2871,期货,qihuo,/shangye/qihuo/
8,商业财经,shangye,/shangye/,2872,宏观,hongguan,/shangye/hongguan/
8,商业财经,shangye,/shangye/,2870,贵金属,guijinshu,/shangye/guijinshu/
8,商业财经,shangye,/shangye/,2869,信用卡,xinyongka,/shangye/xinyongka/
8,商业财经,shangye,/shangye/,2868,信托,xintuo,/shangye/xintuo/
8,商业财经,shangye,/shangye/,2867,外汇,waihui,/shangye/waihui/
8,商业财经,shangye,/shangye/,2866,保险,baoxian,/shangye/baoxian/
8,商业财经,shangye,/shangye/,2865,信贷,xindai,/shangye/xindai/
8,商业财经,shangye,/shangye/,2864,互联网金融,hulianwangjinrong,/shangye/hulianwangjinrong/
8,商业财经,shangye,/shangye/,2863,风险投资,fengxiantouzi,/shangye/fengxiantouzi/
8,商业财经,shangye,/shangye/,2862,私募股权投资,simuguquantouzi,/shangye/simuguquantouzi/
8,商业财经,shangye,/shangye/,2861,债券,zhaiquan,/shangye/zhaiquan/
8,商业财经,shangye,/shangye/,2860,黄金,huangjin,/shangye/huangjin/
8,商业财经,shangye,/shangye/,6661037,热点资讯,reci1037,/shangye/reci1037/
8,商业财经,shangye,/shangye/,6660192,大咖评论,reci192,/shangye/reci192/
8,商业财经,shangye,/shangye/,6661002,投资理财,reci1002,/shangye/reci1002/
8,商业财经,shangye,/shangye/,6661003,证券市场,reci1003,/shangye/reci1003/
8,商业财经,shangye,/shangye/,6661004,创投创业,reci1004,/shangye/reci1004/
8,商业财经,shangye,/shangye/,6661005,商业经管,reci1005,/shangye/reci1005/
8,商业财经,shangye,/shangye/,6660693,精英图书,reci693,/shangye/reci693/
39,人文,renwen,/renwen/,186,国学,guoxue,/renwen/guoxue/
39,人文,renwen,/renwen/,971,文学,wenxue,/renwen/wenxue/
39,人文,renwen,/renwen/,250,名著,mingzhu,/renwen/mingzhu/
39,人文,renwen,/renwen/,1495,纪实,jishi,/renwen/jishi/
39,人文,renwen,/renwen/,1114,诗歌,shige,/renwen/shige/
39,人文,renwen,/renwen/,1121,艺术,yishu,/renwen/yishu/
39,人文,renwen,/renwen/,1116,哲学,zhexue,/renwen/zhexue/
39,人文,renwen,/renwen/,1649,心灵,xinling,/renwen/xinling/
39,人文,renwen,/renwen/,979,文化,wenhua,/renwen/wenhua/
39,人文,renwen,/renwen/,1647,传记,zhuanji,/renwen/zhuanji/
39,人文,renwen,/renwen/,2776,社科,sheke,/renwen/sheke/
39,人文,renwen,/renwen/,2777,收藏,shoucang,/renwen/shoucang/
39,人文,renwen,/renwen/,2694,儿童,ertong,/renwen/ertong/
39,人文,renwen,/renwen/,4314,诸子,zhuzi,/renwen/zhuzi/
39,人文,renwen,/renwen/,4313,史鉴,shijian,/renwen/shijian/
39,人文,renwen,/renwen/,2692,经典,jingdian,/renwen/jingdian/
39,人文,renwen,/renwen/,6660431,经典名著,reci431,/renwen/reci431/
39,人文,renwen,/renwen/,6660427,读书会,reci427,/renwen/reci427/
39,人文,renwen,/renwen/,6660430,诗词国学,reci430,/renwen/reci430/
39,人文,renwen,/renwen/,6660433,纪实档案,reci433,/renwen/reci433/
39,人文,renwen,/renwen/,6660428,艺术修养,reci428,/renwen/reci428/
39,人文,renwen,/renwen/,6660429,名家讲座,reci429,/renwen/reci429/
39,人文,renwen,/renwen/,6660707,空中图书馆,reci707,/renwen/reci707/
39,人文,renwen,/renwen/,6660861,VIP畅听,reci861,/renwen/reci861/
39,人文,renwen,/renwen/,6661164,VIP精选,reci1164,/renwen/reci1164/
39,人文,renwen,/renwen/,6661160,国学课堂,reci1160,/renwen/reci1160/
39,人文,renwen,/renwen/,6661161,名著导读,reci1161,/renwen/reci1161/
39,人文,renwen,/renwen/,6661162,诗词达人,reci1162,/renwen/reci1162/
13,个人成长,gerenchengzhang,/gerenchengzhang/,886,创业,chuangye,/gerenchengzhang/chuangye/
13,个人成长,gerenchengzhang,/gerenchengzhang/,919,法律,falv,/gerenchengzhang/falv/
13,个人成长,gerenchengzhang,/gerenchengzhang/,917,管理,guanli,/gerenchengzhang/guanli/
13,个人成长,gerenchengzhang,/gerenchengzhang/,913,营销,yingxiao,/gerenchengzhang/yingxiao/
13,个人成长,gerenchengzhang,/gerenchengzhang/,2645,求职,qiuzhi,/gerenchengzhang/qiuzhi/
13,个人成长,gerenchengzhang,/gerenchengzhang/,2644,沟通表达,goutongbiaoda,/gerenchengzhang/goutongbiaoda/
13,个人成长,gerenchengzhang,/gerenchengzhang/,246,职场,zhichang,/gerenchengzhang/zhichang/
13,个人成长,gerenchengzhang,/gerenchengzhang/,215,心理,xinli,/gerenchengzhang/xinli/
13,个人成长,gerenchengzhang,/gerenchengzhang/,2641,职业技能,zhiyejineng,/gerenchengzhang/zhiyejineng/
13,个人成长,gerenchengzhang,/gerenchengzhang/,1228,考试培训,kaoshipeixun,/gerenchengzhang/kaoshipeixun/
13,个人成长,gerenchengzhang,/gerenchengzhang/,817,新媒体,xinmeiti,/gerenchengzhang/xinmeiti/
13,个人成长,gerenchengzhang,/gerenchengzhang/,2639,名人语录,mingrenyulu,/gerenchengzhang/mingrenyulu/
13,个人成长,gerenchengzhang,/gerenchengzhang/,2640,家庭教育,jiatingjiaoyu,/gerenchengzhang/jiatingjiaoyu/
13,个人成长,gerenchengzhang,/gerenchengzhang/,431,互联网,hulianwang,/gerenchengzhang/hulianwang/
13,个人成长,gerenchengzhang,/gerenchengzhang/,2642,生活百科,shenghuobaike,/gerenchengzhang/shenghuobaike/
13,个人成长,gerenchengzhang,/gerenchengzhang/,923,语言,yuyan,/gerenchengzhang/yuyan/
13,个人成长,gerenchengzhang,/gerenchengzhang/,2643,人力资源,renliziyuan,/gerenchengzhang/renliziyuan/
13,个人成长,gerenchengzhang,/gerenchengzhang/,1110,历史,lishi,/gerenchengzhang/lishi/
13,个人成长,gerenchengzhang,/gerenchengzhang/,915,人文,renwen,/gerenchengzhang/renwen/
13,个人成长,gerenchengzhang,/gerenchengzhang/,914,励志,lizhi,/gerenchengzhang/lizhi/
13,个人成长,gerenchengzhang,/gerenchengzhang/,186,国学,guoxue,/gerenchengzhang/guoxue/
13,个人成长,gerenchengzhang,/gerenchengzhang/,1116,哲学,zhexue,/gerenchengzhang/zhexue/
13,个人成长,gerenchengzhang,/gerenchengzhang/,5343,女性成长,nvxingchengzhang,/gerenchengzhang/nvxingchengzhang/
13,个人成长,gerenchengzhang,/gerenchengzhang/,6660500,人际沟通,reci500,/gerenchengzhang/reci500/
13,个人成长,gerenchengzhang,/gerenchengzhang/,6660286,心理调节,reci286,/gerenchengzhang/reci286/
13,个人成长,gerenchengzhang,/gerenchengzhang/,6660289,名人演讲,reci289,/gerenchengzhang/reci289/
13,个人成长,gerenchengzhang,/gerenchengzhang/,6660416,高效管理,reci416,/gerenchengzhang/reci416/
13,个人成长,gerenchengzhang,/gerenchengzhang/,6661506,畅销书,reci1506,/gerenchengzhang/reci1506/
13,个人成长,gerenchengzhang,/gerenchengzhang/,6660578,名企大咖,reci578,/gerenchengzhang/reci578/
13,个人成长,gerenchengzhang,/gerenchengzhang/,6660291,成功励志,reci291,/gerenchengzhang/reci291/
18,IT科技,keji,/keji/,431,互联网,hulianwang,/keji/hulianwang/
18,IT科技,keji,/keji/,866,科技,keji,/keji/keji/
18,IT科技,keji,/keji/,2716,科学探秘,tanmi,/keji/tanmi/
18,IT科技,keji,/keji/,1237,极客,jike,/keji/jike/
18,IT科技,keji,/keji/,4475,区块链,qukuailian,/keji/qukuailian/
18,IT科技,keji,/keji/,1273,科幻,kehuan,/keji/kehuan/
18,IT科技,keji,/keji/,405,评测,pingce,/keji/pingce/
18,IT科技,keji,/keji/,4477,5G,5g,/keji/5g/
18,IT科技,keji,/keji/,886,创业,chuangye,/keji/chuangye/
18,IT科技,keji,/keji/,816,数码,shuma,/keji/shuma/
18,IT科技,keji,/keji/,1239,程序员,chengxuyuan,/keji/chengxuyuan/
18,IT科技,keji,/keji/,1238,产品,chanpinjingli,/keji/chanpinjingli/
18,IT科技,keji,/keji/,1240,移动互联网,yidonghulianwang,/keji/yidonghulianwang/
18,IT科技,keji,/keji/,1234,大数据,dashuju,/keji/dashuju/
18,IT科技,keji,/keji/,817,新媒体,xinmeiti,/keji/xinmeiti/
18,IT科技,keji,/keji/,819,人工智能,zhineng,/keji/zhineng/
18,IT科技,keji,/keji/,2713,智能硬件,zhinengyingjian,/keji/zhinengyingjian/
18,IT科技,keji,/keji/,4472,天文,tianwen,/keji/tianwen/
18,IT科技,keji,/keji/,4473,数学,shuxue,/keji/shuxue/
18,IT科技,keji,/keji/,4474,物理,wuli,/keji/wuli/
18,IT科技,keji,/keji/,4476,通信,tongxin,/keji/tongxin/
18,IT科技,keji,/keji/,4478,电竞,dianjing,/keji/dianjing/
18,IT科技,keji,/keji/,5341,基因,jiyin,/keji/jiyin/
18,IT科技,keji,/keji/,5344,医疗,yiliao,/keji/yiliao/
18,IT科技,keji,/keji/,5345,人体,renti,/keji/renti/
18,IT科技,keji,/keji/,3269,社会科学,shehuikexue,/keji/shehuikexue/
18,IT科技,keji,/keji/,3213,人物传记,renwuzhuanji,/keji/renwuzhuanji/
18,IT科技,keji,/keji/,3211,世界历史,shijielishi,/keji/shijielishi/
18,IT科技,keji,/keji/,3210,中国历史,zhongguolishi,/keji/zhongguolishi/
18,IT科技,keji,/keji/,2864,互联网金融,hulianwangjinrong,/keji/hulianwangjinrong/
18,IT科技,keji,/keji/,2642,生活百科,shenghuobaike,/keji/shenghuobaike/
18,IT科技,keji,/keji/,2641,职业技能,zhiyejineng,/keji/zhiyejineng/
18,IT科技,keji,/keji/,1335,商战,shangzhan,/keji/shangzhan/
18,IT科技,keji,/keji/,1719,零基础,lingjichu,/keji/lingjichu/
18,IT科技,keji,/keji/,2087,脱口秀,tuokouxiu,/keji/tuokouxiu/
18,IT科技,keji,/keji/,529,健康,jiankang,/keji/jiankang/
18,IT科技,keji,/keji/,1001,健康常识,jiankangchangshi,/keji/jiankangchangshi/
18,IT科技,keji,/keji/,920,技能,jineng,/keji/jineng/
18,IT科技,keji,/keji/,1495,纪实,jishi,/keji/jishi/
18,IT科技,keji,/keji/,1097,大咖,daka,/keji/daka/
18,IT科技,keji,/keji/,383,广播剧,guangboju,/keji/guangboju/
18,IT科技,keji,/keji/,914,励志,lizhi,/keji/lizhi/
18,IT科技,keji,/keji/,997,美食,meishi,/keji/meishi/
18,IT科技,keji,/keji/,5351,宇宙,yuzhou,/keji/yuzhou/
18,IT科技,keji,/keji/,5346,AI,ai,/keji/ai/
18,IT科技,keji,/keji/,5347,新基建,xinjijian,/keji/xinjijian/
18,IT科技,keji,/keji/,5348,物联网,wulianwang,/keji/wulianwang/
18,IT科技,keji,/keji/,5349,机器人,jiqiren,/keji/jiqiren/
18,IT科技,keji,/keji/,5350,天体物理,tiantiwuli,/keji/tiantiwuli/
18,IT科技,keji,/keji/,5352,宇航,yuhang,/keji/yuhang/
18,IT科技,keji,/keji/,183,科普,kepu,/keji/kepu/
18,IT科技,keji,/keji/,5353,科学史,kexueshi,/keji/kexueshi/
18,IT科技,keji,/keji/,5354,科技史,kejishi,/keji/kejishi/
18,IT科技,keji,/keji/,6661723,未来局出品,reci1723,/keji/reci1723/
18,IT科技,keji,/keji/,6661507,生命,reci1507,/keji/reci1507/
18,IT科技,keji,/keji/,6661513,太空漫游,reci1513,/keji/reci1513/
18,IT科技,keji,/keji/,6660210,职人充电,reci210,/keji/reci210/
18,IT科技,keji,/keji/,6661057,刘慈欣,reci1057,/keji/reci1057/
5,外语,waiyu,/waiyu/,264,英语,yingyu,/waiyu/yingyu/
5,外语,waiyu,/waiyu/,265,日语,riyu,/waiyu/riyu/
5,外语,waiyu,/waiyu/,266,韩语,hanyu,/waiyu/hanyu/
5,外语,waiyu,/waiyu/,267,法语,fayu,/waiyu/fayu/
5,外语,waiyu,/waiyu/,269,泰语,taiyu,/waiyu/taiyu/
5,外语,waiyu,/waiyu/,2578,德语,deyu,/waiyu/deyu/
5,外语,waiyu,/waiyu/,2579,俄语,eyu,/waiyu/eyu/
5,外语,waiyu,/waiyu/,2580,西班牙语,xibanyayu,/waiyu/xibanyayu/
5,外语,waiyu,/waiyu/,2581,意大利语,yidaliyu,/waiyu/yidaliyu/
5,外语,waiyu,/waiyu/,2582,葡萄牙语,putaoyayu,/waiyu/putaoyayu/
5,外语,waiyu,/waiyu/,2666,其他语言,qitayuyan,/waiyu/qitayuyan/
5,外语,waiyu,/waiyu/,6660395,口语,reci395,/waiyu/reci395/
5,外语,waiyu,/waiyu/,6660509,教材,reci509,/waiyu/reci509/
5,外语,waiyu,/waiyu/,6660257,考试,reci257,/waiyu/reci257/
5,外语,waiyu,/waiyu/,6660143,演讲,reci143,/waiyu/reci143/
5,外语,waiyu,/waiyu/,6660141,入门,reci141,/waiyu/reci141/
5,外语,waiyu,/waiyu/,6660365,BBC,reci365,/waiyu/reci365/
5,外语,waiyu,/waiyu/,6660296,畅听会员,reci296,/waiyu/reci296/
5,外语,waiyu,/waiyu/,6660801,付费专区,reci801,/waiyu/reci801/
92,少儿素养,ertongjiaoyu,/ertongjiaoyu/,5360,语文,yuwen,/ertongjiaoyu/yuwen/
92,少儿素养,ertongjiaoyu,/ertongjiaoyu/,5361,数学,shuxue,/ertongjiaoyu/shuxue/
92,少儿素养,ertongjiaoyu,/ertongjiaoyu/,5362,英语,yingyu,/ertongjiaoyu/yingyu/
92,少儿素养,ertongjiaoyu,/ertongjiaoyu/,5363,自然科普,zirankepu,/ertongjiaoyu/zirankepu/
92,少儿素养,ertongjiaoyu,/ertongjiaoyu/,5364,历史,lishi,/ertongjiaoyu/lishi/
92,少儿素养,ertongjiaoyu,/ertongjiaoyu/,5365,地理,dili,/ertongjiaoyu/dili/
92,少儿素养,ertongjiaoyu,/ertongjiaoyu/,5366,艺术,yishu,/ertongjiaoyu/yishu/
92,少儿素养,ertongjiaoyu,/ertongjiaoyu/,5367,科学,kexue,/ertongjiaoyu/kexue/
92,少儿素养,ertongjiaoyu,/ertongjiaoyu/,5368,能力素养,nenglisuyang,/ertongjiaoyu/nenglisuyang/
92,少儿素养,ertongjiaoyu,/ertongjiaoyu/,6661557,教材教辅,reci1557,/ertongjiaoyu/reci1557/
92,少儿素养,ertongjiaoyu,/ertongjiaoyu/,6661545,音乐,reci1545,/ertongjiaoyu/reci1545/
92,少儿素养,ertongjiaoyu,/ertongjiaoyu/,6661546,美术,reci1546,/ertongjiaoyu/reci1546/
92,少儿素养,ertongjiaoyu,/ertongjiaoyu/,6661560,益智棋类,reci1560,/ertongjiaoyu/reci1560/
92,少儿素养,ertongjiaoyu,/ertongjiaoyu/,6661570,创意手工,reci1570,/ertongjiaoyu/reci1570/
92,少儿素养,ertongjiaoyu,/ertongjiaoyu/,6661540,文学鉴赏,reci1540,/ertongjiaoyu/reci1540/
92,少儿素养,ertongjiaoyu,/ertongjiaoyu/,6661542,课外读物,reci1542,/ertongjiaoyu/reci1542/
92,少儿素养,ertongjiaoyu,/ertongjiaoyu/,6661554,自然地理,reci1554,/ertongjiaoyu/reci1554/
92,少儿素养,ertongjiaoyu,/ertongjiaoyu/,6661587,世界历史,reci1587,/ertongjiaoyu/reci1587/
92,少儿素养,ertongjiaoyu,/ertongjiaoyu/,6661569,天文物理,reci1569,/ertongjiaoyu/reci1569/
92,少儿素养,ertongjiaoyu,/ertongjiaoyu/,6661556,军事科技,reci1556,/ertongjiaoyu/reci1556/
92,少儿素养,ertongjiaoyu,/ertongjiaoyu/,6661568,少儿编程,reci1568,/ertongjiaoyu/reci1568/
92,少儿素养,ertongjiaoyu,/ertongjiaoyu/,6661558,情商养成,reci1558,/ertongjiaoyu/reci1558/
92,少儿素养,ertongjiaoyu,/ertongjiaoyu/,6661559,安全教育,reci1559,/ertongjiaoyu/reci1559/
92,少儿素养,ertongjiaoyu,/ertongjiaoyu/,6661566,艺术启蒙,reci1566,/ertongjiaoyu/reci1566/
92,少儿素养,ertongjiaoyu,/ertongjiaoyu/,6661580,表演主持,reci1580,/ertongjiaoyu/reci1580/
1,头条,toutiao,/toutiao/,861,社会,shehui,/toutiao/shehui/
1,头条,toutiao,/toutiao/,862,民生,minsheng,/toutiao/minsheng/
1,头条,toutiao,/toutiao/,860,国内,guonei,/toutiao/guonei/
1,头条,toutiao,/toutiao/,859,国际,guoji,/toutiao/guoji/
1,头条,toutiao,/toutiao/,864,财经,caijing,/toutiao/caijing/
1,头条,toutiao,/toutiao/,1051,娱乐,yule,/toutiao/yule/
1,头条,toutiao,/toutiao/,979,文化,wenhua,/toutiao/wenhua/
1,头条,toutiao,/toutiao/,863,体育,tiyu,/toutiao/tiyu/
1,头条,toutiao,/toutiao/,866,科技,keji,/toutiao/keji/
1,头条,toutiao,/toutiao/,865,军事,junshi,/toutiao/junshi/
1,头条,toutiao,/toutiao/,2831,听两会,tinglianghui,/toutiao/tinglianghui/
1,头条,toutiao,/toutiao/,6661707,体育资讯,reci1707,/toutiao/reci1707/
1,头条,toutiao,/toutiao/,6661708,体育播客,reci1708,/toutiao/reci1708/
1,头条,toutiao,/toutiao/,6661709,传记,reci1709,/toutiao/reci1709/
1,头条,toutiao,/toutiao/,6661710,足球,reci1710,/toutiao/reci1710/
1,头条,toutiao,/toutiao/,6661711,篮球,reci1711,/toutiao/reci1711/
1,头条,toutiao,/toutiao/,6661712,俱乐部电台,reci1712,/toutiao/reci1712/
1,头条,toutiao,/toutiao/,6661713,上新推荐,reci1713,/toutiao/reci1713/
24,二次元,erciyuan,/erciyuan/,2599,古风,gufeng,/erciyuan/gufeng/
24,二次元,erciyuan,/erciyuan/,2601,有声漫画,youshengmanhua,/erciyuan/youshengmanhua/
24,二次元,erciyuan,/erciyuan/,383,广播剧,guangboju,/erciyuan/guangboju/
24,二次元,erciyuan,/erciyuan/,3322,ACG音乐,acgyinyue,/erciyuan/acgyinyue/
24,二次元,erciyuan,/erciyuan/,2595,动漫,dongman,/erciyuan/dongman/
24,二次元,erciyuan,/erciyuan/,2597,同人文,tongrenwen,/erciyuan/tongrenwen/
24,二次元,erciyuan,/erciyuan/,1320,游戏,youxi,/erciyuan/youxi/
24,二次元,erciyuan,/erciyuan/,3779,声优,shengyou,/erciyuan/shengyou/
24,二次元,erciyuan,/erciyuan/,4478,电竞,dianjing,/erciyuan/dianjing/
24,二次元,erciyuan,/erciyuan/,6661681,英雄联盟S10,reci1681,/erciyuan/reci1681/
24,二次元,erciyuan,/erciyuan/,6660315,游戏视频,reci315,/erciyuan/reci315/
24,二次元,erciyuan,/erciyuan/,6660178,精选,reci178,/erciyuan/reci178/
24,二次元,erciyuan,/erciyuan/,6661394,电台,reci1394,/erciyuan/reci1394/
24,二次元,erciyuan,/erciyuan/,6661522,我的世界,reci1522,/erciyuan/reci1522/
24,二次元,erciyuan,/erciyuan/,6661534,ACFUN,reci1534,/erciyuan/reci1534/
16,戏曲,xiqu,/xiqu/,4267,京剧,jingju,/xiqu/jingju/
16,戏曲,xiqu,/xiqu/,4268,黄梅戏,huangmeixi,/xiqu/huangmeixi/
16,戏曲,xiqu,/xiqu/,4269,越剧,yueju,/xiqu/yueju/
16,戏曲,xiqu,/xiqu/,4271,昆曲,kunqu,/xiqu/kunqu/
16,戏曲,xiqu,/xiqu/,4270,地方戏,difangxi,/xiqu/difangxi/
16,戏曲,xiqu,/xiqu/,4272,豫剧,yuju,/xiqu/yuju/
16,戏曲,xiqu,/xiqu/,4273,秦腔,qinqiang,/xiqu/qinqiang/
16,戏曲,xiqu,/xiqu/,4274,评剧,pingju,/xiqu/pingju/
16,戏曲,xiqu,/xiqu/,4275,粤剧,yuejv,/xiqu/yuejv/
16,戏曲,xiqu,/xiqu/,4276,沪剧,huju,/xiqu/huju/
16,戏曲,xiqu,/xiqu/,4277,二人转,errenzhuan,/xiqu/errenzhuan/
16,戏曲,xiqu,/xiqu/,4278,河南坠子,henanzhuizi,/xiqu/henanzhuizi/
16,戏曲,xiqu,/xiqu/,4279,评弹,pingtan,/xiqu/pingtan/
16,戏曲,xiqu,/xiqu/,4280,晋剧,jinju,/xiqu/jinju/
16,戏曲,xiqu,/xiqu/,4281,蒲剧,puju,/xiqu/puju/
16,戏曲,xiqu,/xiqu/,4282,吕剧,lvju,/xiqu/lvju/
16,戏曲,xiqu,/xiqu/,4283,滑稽戏,huajixi,/xiqu/huajixi/
16,戏曲,xiqu,/xiqu/,6660169,戏曲大全,reci169,/xiqu/reci169/
16,戏曲,xiqu,/xiqu/,6660061,华美京剧,reci61,/xiqu/reci61/
16,戏曲,xiqu,/xiqu/,6660063,温婉越剧,reci63,/xiqu/reci63/
16,戏曲,xiqu,/xiqu/,6660062,明快黄梅,reci62,/xiqu/reci62/
16,戏曲,xiqu,/xiqu/,6660201,多彩沪剧,reci201,/xiqu/reci201/
16,戏曲,xiqu,/xiqu/,6660168,典雅昆曲,reci168,/xiqu/reci168/
16,戏曲,xiqu,/xiqu/,6660202,嬉笑怒骂二人转,reci202,/xiqu/reci202/
22,旅游,lvyou,/lvyou/,7,故事,gushi,/lvyou/gushi/
22,旅游,lvyou,/lvyou/,378,攻略,gonglue,/lvyou/gonglue/
22,旅游,lvyou,/lvyou/,937,情感,qinggan,/lvyou/qinggan/
22,旅游,lvyou,/lvyou/,1110,历史,lishi,/lvyou/lishi/
22,旅游,lvyou,/lvyou/,979,文化,wenhua,/lvyou/wenhua/
22,旅游,lvyou,/lvyou/,2549,地理,dili,/lvyou/dili/
22,旅游,lvyou,/lvyou/,2550,户外,huwai,/lvyou/huwai/
22,旅游,lvyou,/lvyou/,384,音乐,yinyue,/lvyou/yinyue/
22,旅游,lvyou,/lvyou/,6660174,走遍中国,reci174,/lvyou/reci174/
22,旅游,lvyou,/lvyou/,6661332,环游世界,reci1332,/lvyou/reci1332/
22,旅游,lvyou,/lvyou/,6660363,人文地理,reci363,/lvyou/reci363/
22,旅游,lvyou,/lvyou/,6661337,游览攻略,reci1337,/lvyou/reci1337/
22,旅游,lvyou,/lvyou/,6660175,户外玩家,reci175,/lvyou/reci175/
22,旅游,lvyou,/lvyou/,6660176,旅途心情,reci176,/lvyou/reci176/
7,健康养生,jiankang,/jiankang/,365,中医,zhongyi,/jiankang/zhongyi/
7,健康养生,jiankang,/jiankang/,999,催眠,cuimian,/jiankang/cuimian/
7,健康养生,jiankang,/jiankang/,1002,两性健康,liangxingjiankang,/jiankang/liangxingjiankang/
7,健康养生,jiankang,/jiankang/,1001,健康常识,jiankangchangshi,/jiankang/jiankangchangshi/
7,健康养生,jiankang,/jiankang/,998,营养,yingyang,/jiankang/yingyang/
7,健康养生,jiankang,/jiankang/,1006,疾病预防,jibingyufang,/jiankang/jibingyufang/
7,健康养生,jiankang,/jiankang/,215,心理,xinli,/jiankang/xinli/
7,健康养生,jiankang,/jiankang/,1008,艾灸,aijiu,/jiankang/aijiu/
7,健康养生,jiankang,/jiankang/,1009,针灸,zhenjiu,/jiankang/zhenjiu/
7,健康养生,jiankang,/jiankang/,1010,偏方,pianfang,/jiankang/pianfang/
7,健康养生,jiankang,/jiankang/,1007,黄帝内经,huangdineijing,/jiankang/huangdineijing/
7,健康养生,jiankang,/jiankang/,6660160,吃出健康,reci160,/jiankang/reci160/
7,健康养生,jiankang,/jiankang/,6661311,我要减肥,reci1311,/jiankang/reci1311/
7,健康养生,jiankang,/jiankang/,6661313,十月妈咪,reci1313,/jiankang/reci1313/
7,健康养生,jiankang,/jiankang/,6661312,两性奥秘,reci1312,/jiankang/reci1312/
7,健康养生,jiankang,/jiankang/,6660158,运动健身,reci158,/jiankang/reci158/
7,健康养生,jiankang,/jiankang/,6661314,中医养生,reci1314,/jiankang/reci1314/
7,健康养生,jiankang,/jiankang/,6661315,心灵解压,reci1315,/jiankang/reci1315/
7,健康养生,jiankang,/jiankang/,6660161,古法艾灸,reci161,/jiankang/reci161/
7,健康养生,jiankang,/jiankang/,6661165,轻松入睡,reci1165,/jiankang/reci1165/
7,健康养生,jiankang,/jiankang/,6660487,健康宝宝,reci487,/jiankang/reci487/
7,健康养生,jiankang,/jiankang/,6660157,美丽驻颜,reci157,/jiankang/reci157/
31,时尚生活,shishang,/shishang/,997,美食,meishi,/shishang/meishi/
31,时尚生活,shishang,/shishang/,3383,生活家,shenghuojia,/shishang/shenghuojia/
31,时尚生活,shishang,/shishang/,3723,家居,jiaju,/shishang/jiaju/
31,时尚生活,shishang,/shishang/,1003,美容,meirong,/shishang/meirong/
31,时尚生活,shishang,/shishang/,3724,减肥塑形,jianfeisuxing,/shishang/jianfeisuxing/
31,时尚生活,shishang,/shishang/,2724,达人,daren,/shishang/daren/
31,时尚生活,shishang,/shishang/,366,运动,yundong,/shishang/yundong/
31,时尚生活,shishang,/shishang/,3384,时尚,shishang,/shishang/shishang/
31,时尚生活,shishang,/shishang/,2727,萌宠,mengchong,/shishang/mengchong/
31,时尚生活,shishang,/shishang/,3725,摄影,sheying,/shishang/sheying/
31,时尚生活,shishang,/shishang/,3726,珠宝腕表,zhubaowanbiao,/shishang/zhubaowanbiao/
31,时尚生活,shishang,/shishang/,3727,茶酒,chajiu,/shishang/chajiu/
31,时尚生活,shishang,/shishang/,3728,芳疗,fangliao,/shishang/fangliao/
31,时尚生活,shishang,/shishang/,6661317,减肥瘦身,reci1317,/shishang/reci1317/
31,时尚生活,shishang,/shishang/,6661319,护肤美妆,reci1319,/shishang/reci1319/
31,时尚生活,shishang,/shishang/,6661318,找点美食,reci1318,/shishang/reci1318/
31,时尚生活,shishang,/shishang/,6661316,治愈萌宠,reci1316,/shishang/reci1316/
31,时尚生活,shishang,/shishang/,6661320,来点好物,reci1320,/shishang/reci1320/
31,时尚生活,shishang,/shishang/,6660366,生活美学家,reci366,/shishang/reci366/
15,广播剧,guangbojv,/guangbojv/,1314,架空,jiakong,/guangbojv/jiakong/
15,广播剧,guangbojv,/guangbojv/,1271,都市,dushi,/guangbojv/dushi/
15,广播剧,guangbojv,/guangbojv/,1272,校园,xiaoyuan,/guangbojv/xiaoyuan/
15,广播剧,guangbojv,/guangbojv/,2695,武侠,wuxia,/guangbojv/wuxia/
15,广播剧,guangbojv,/guangbojv/,4619,仙侠,xianxia,/guangbojv/xianxia/
15,广播剧,guangbojv,/guangbojv/,1316,奇幻,qihuan,/guangbojv/qihuan/
15,广播剧,guangbojv,/guangbojv/,1274,玄幻,xuanhuan,/guangbojv/xuanhuan/
15,广播剧,guangbojv,/guangbojv/,1273,科幻,kehuan,/guangbojv/kehuan/
15,广播剧,guangbojv,/guangbojv/,1276,悬疑,xuanyi,/guangbojv/xuanyi/
15,广播剧,guangbojv,/guangbojv/,1307,推理,tuili,/guangbojv/tuili/
15,广播剧,guangbojv,/guangbojv/,1110,历史,lishi,/guangbojv/lishi/
15,广播剧,guangbojv,/guangbojv/,246,职场,zhichang,/guangbojv/zhichang/
15,广播剧,guangbojv,/guangbojv/,1320,游戏,youxi,/guangbojv/youxi/
15,广播剧,guangbojv,/guangbojv/,4915,爆笑,baoxiao,/guangbojv/baoxiao/
15,广播剧,guangbojv,/guangbojv/,4916,脑洞,naodong,/guangbojv/naodong/
15,广播剧,guangbojv,/guangbojv/,4917,画风清奇,huafengqingqi,/guangbojv/huafengqingqi/
15,广播剧,guangbojv,/guangbojv/,4918,虚拟偶像,xuniouxiang,/guangbojv/xuniouxiang/
15,广播剧,guangbojv,/guangbojv/,4919,玛丽苏,malisu,/guangbojv/malisu/
15,广播剧,guangbojv,/guangbojv/,4920,日漫,riman,/guangbojv/riman/
15,广播剧,guangbojv,/guangbojv/,4921,霸道总裁,badaozongcai,/guangbojv/badaozongcai/
15,广播剧,guangbojv,/guangbojv/,4922,萌系,mengxi,/guangbojv/mengxi/
15,广播剧,guangbojv,/guangbojv/,4923,民间故事,minjiangushi,/guangbojv/minjiangushi/
15,广播剧,guangbojv,/guangbojv/,1063,恋爱,lianai,/guangbojv/lianai/
15,广播剧,guangbojv,/guangbojv/,6660546,现代言情,reci546,/guangbojv/reci546/
15,广播剧,guangbojv,/guangbojv/,6660052,古风言情,reci52,/guangbojv/reci52/
15,广播剧,guangbojv,/guangbojv/,6660054,全年龄,reci54,/guangbojv/reci54/
15,广播剧,guangbojv,/guangbojv/,6661198,月上新周播剧,reci1198,/guangbojv/reci1198/
15,广播剧,guangbojv,/guangbojv/,6661357,有声漫画,reci1357,/guangbojv/reci1357/
15,广播剧,guangbojv,/guangbojv/,6661664,会员专区,reci1664,/guangbojv/reci1664/
15,广播剧,guangbojv,/guangbojv/,6661660,心动剧场,reci1660,/guangbojv/reci1660/
15,广播剧,guangbojv,/guangbojv/,6661661,国风剧场,reci1661,/guangbojv/reci1661/
15,广播剧,guangbojv,/guangbojv/,6661662,尖声剧场,reci1662,/guangbojv/reci1662/
44,粤语,yueyu,/yueyu/,6660612,爆笑粤语,reci612,/yueyu/reci612/
44,粤语,yueyu,/yueyu/,6660609,亲子故事,reci609,/yueyu/reci609/
44,粤语,yueyu,/yueyu/,6660992,新生活,reci992,/yueyu/reci992/
44,粤语,yueyu,/yueyu/,6660613,都市情感,reci613,/yueyu/reci613/
44,粤语,yueyu,/yueyu/,6660610,粤文化,reci610,/yueyu/reci610/
44,粤语,yueyu,/yueyu/,6660608,粤语评书,reci608,/yueyu/reci608/
44,粤语,yueyu,/yueyu/,6660611,粤语金曲,reci611,/yueyu/reci611/
50,法律课堂,falvketang,/falvketang/,6660747,普法,reci747,/falvketang/reci747/
50,法律课堂,falvketang,/falvketang/,6660748,融资投资,reci748,/falvketang/reci748/
50,法律课堂,falvketang,/falvketang/,6660749,民法生活,reci749,/falvketang/reci749/
50,法律课堂,falvketang,/falvketang/,6660750,法考,reci750,/falvketang/reci750/
50,法律课堂,falvketang,/falvketang/,6660751,公司,reci751,/falvketang/reci751/
50,法律课堂,falvketang,/falvketang/,6660752,诉讼,reci752,/falvketang/reci752/
50,法律课堂,falvketang,/falvketang/,6660780,付费精品,reci780,/falvketang/reci780/
17,教育培训,jiaoyupeixun,/jiaoyupeixun/,5066,考研,kaoyan,/jiaoyupeixun/kaoyan/
17,教育培训,jiaoyupeixun,/jiaoyupeixun/,5067,公考,gongkao,/jiaoyupeixun/gongkao/
17,教育培训,jiaoyupeixun,/jiaoyupeixun/,5068,公开课,gongkaike,/jiaoyupeixun/gongkaike/
17,教育培训,jiaoyupeixun,/jiaoyupeixun/,5069,主播培训,zhubopeixun,/jiaoyupeixun/zhubopeixun/
17,教育培训,jiaoyupeixun,/jiaoyupeixun/,5070,新媒体,xinmeiti,/jiaoyupeixun/xinmeiti/
17,教育培训,jiaoyupeixun,/jiaoyupeixun/,5071,电商,dianshang,/jiaoyupeixun/dianshang/
17,教育培训,jiaoyupeixun,/jiaoyupeixun/,5072,留学,liuxue,/jiaoyupeixun/liuxue/
17,教育培训,jiaoyupeixun,/jiaoyupeixun/,5073,教师资格,jiaoshizige,/jiaoyupeixun/jiaoshizige/
17,教育培训,jiaoyupeixun,/jiaoyupeixun/,5074,财会金融,caihuijinrong,/jiaoyupeixun/caihuijinrong/
17,教育培训,jiaoyupeixun,/jiaoyupeixun/,5075,求职准备,qiuzhizhunbei,/jiaoyupeixun/qiuzhizhunbei/
17,教育培训,jiaoyupeixun,/jiaoyupeixun/,5076,时间管理,shijianguanli,/jiaoyupeixun/shijianguanli/
17,教育培训,jiaoyupeixun,/jiaoyupeixun/,5077,互联网IT,hulianwangit,/jiaoyupeixun/hulianwangit/
17,教育培训,jiaoyupeixun,/jiaoyupeixun/,6660102,学历考试,reci102,/jiaoyupeixun/reci102/
17,教育培训,jiaoyupeixun,/jiaoyupeixun/,6660108,职业考试,reci108,/jiaoyupeixun/reci108/
17,教育培训,jiaoyupeixun,/jiaoyupeixun/,6660107,大学慕课,reci107,/jiaoyupeixun/reci107/
42,品牌之声,pinpai,/pinpai/,6660523,大企业,reci523,/pinpai/reci523/
42,品牌之声,pinpai,/pinpai/,6660524,汽车,reci524,/pinpai/reci524/
42,品牌之声,pinpai,/pinpai/,6660525,IT企业,reci525,/pinpai/reci525/
42,品牌之声,pinpai,/pinpai/,6660526,政务,reci526,/pinpai/reci526/
42,品牌之声,pinpai,/pinpai/,6660527,教育培训,reci527,/pinpai/reci527/
42,品牌之声,pinpai,/pinpai/,6660528,文化机构,reci528,/pinpai/reci528/
42,品牌之声,pinpai,/pinpai/,6660529,媒体,reci529,/pinpai/reci529/
42,品牌之声,pinpai,/pinpai/,6660530,金融,reci530,/pinpai/reci530/
42,品牌之声,pinpai,/pinpai/,6660531,其他,reci531,/pinpai/reci531/
42,品牌之声,pinpai,/pinpai/,6660541,开讲了,reci541,/pinpai/reci541/
42,品牌之声,pinpai,/pinpai/,6660542,都市汇,reci542,/pinpai/reci542/
42,品牌之声,pinpai,/pinpai/,6660543,趣生活,reci543,/pinpai/reci543/
42,品牌之声,pinpai,/pinpai/,6660544,新技能,reci544,/pinpai/reci544/
42,品牌之声,pinpai,/pinpai/,6660545,育儿园,reci545,/pinpai/reci545/
21,汽车,qiche,/qiche/,402,购车,gouche,/qiche/gouche/
21,汽车,qiche,/qiche/,403,用车,yongche,/qiche/yongche/
21,汽车,qiche,/qiche/,404,说车,shuoche,/qiche/shuoche/
21,汽车,qiche,/qiche/,405,评测,pingce,/qiche/pingce/
21,汽车,qiche,/qiche/,1472,维修改装,weixiugaizhuang,/qiche/weixiugaizhuang/
21,汽车,qiche,/qiche/,1473,车闻趣事,chewenqushi,/qiche/chewenqushi/
21,汽车,qiche,/qiche/,1474,品牌历史,pinpailishi,/qiche/pinpailishi/
21,汽车,qiche,/qiche/,1476,摩托车,motuoche,/qiche/motuoche/
21,汽车,qiche,/qiche/,6660078,购车选车,reci78,/qiche/reci78/
21,汽车,qiche,/qiche/,6660079,玩车,reci79,/qiche/reci79/
21,汽车,qiche,/qiche/,6660080,热点汇,reci80,/qiche/reci80/
21,汽车,qiche,/qiche/,6660081,汽车脱口秀,reci81,/qiche/reci81/
84,闽南语,minnanyu,/minnanyu/,6661388,时尚点,reci1388,/minnanyu/reci1388/
84,闽南语,minnanyu,/minnanyu/,6661384,养生堂,reci1384,/minnanyu/reci1384/
84,闽南语,minnanyu,/minnanyu/,6661385,厝边头尾,reci1385,/minnanyu/reci1385/
84,闽南语,minnanyu,/minnanyu/,6661383,听戏台,reci1383,/minnanyu/reci1383/
84,闽南语,minnanyu,/minnanyu/,6661389,财经之道,reci1389,/minnanyu/reci1389/
84,闽南语,minnanyu,/minnanyu/,6661380,两岸史话,reci1380,/minnanyu/reci1380/
84,闽南语,minnanyu,/minnanyu/,6661382,咱厝的歌,reci1382,/minnanyu/reci1382/
84,闽南语,minnanyu,/minnanyu/,6661379,文化风情,reci1379,/minnanyu/reci1379/
84,闽南语,minnanyu,/minnanyu/,6661386,漫生活,reci1386,/minnanyu/reci1386/
84,闽南语,minnanyu,/minnanyu/,6661381,闽南有声,reci1381,/minnanyu/reci1381/
84,闽南语,minnanyu,/minnanyu/,6661387,宝贝成长,reci1387,/minnanyu/reci1387/
33,付费精品,fufei,/fufei/,6660464,9.9元超值,reci464,/fufei/reci464/
33,付费精品,fufei,/fufei/,6660398,亲子,reci398,/fufei/reci398/
33,付费精品,fufei,/fufei/,6660399,娱乐,reci399,/fufei/reci399/
33,付费精品,fufei,/fufei/,6660406,生活,reci406,/fufei/reci406/
33,付费精品,fufei,/fufei/,6660492,健康,reci492,/fufei/reci492/
33,付费精品,fufei,/fufei/,6660445,新知,reci445,/fufei/reci445/
33,付费精品,fufei,/fufei/,6660410,情感,reci410,/fufei/reci410/
33,付费精品,fufei,/fufei/,6660503,特价,reci503,/fufei/reci503/
33,付费精品,fufei,/fufei/,6660397,商业,reci397,/fufei/reci397/
33,付费精品,fufei,/fufei/,6660505,1元专区,reci505,/fufei/reci505/
33,付费精品,fufei,/fufei/,6660375,有声书,reci375,/fufei/reci375/
33,付费精品,fufei,/fufei/,6660374,外语,reci374,/fufei/reci374/
33,付费精品,fufei,/fufei/,6660811,精品-付费大师课,reci811,/fufei/reci811/
33,付费精品,fufei,/fufei/,6660573,精品-热卖新品,reci573,/fufei/reci573/
33,付费精品,fufei,/fufei/,6660423,音乐,reci423,/fufei/reci423/
33,付费精品,fufei,/fufei/,6660373,成长,reci373,/fufei/reci373/
33,付费精品,fufei,/fufei/,6660814,精品-艺术人生,reci814,/fufei/reci814/
33,付费精品,fufei,/fufei/,6661056,精品-历史迷,reci1056,/fufei/reci1056/
33,付费精品,fufei,/fufei/,6661059,精品-理财小白,reci1059,/fufei/reci1059/
33,付费精品,fufei,/fufei/,6661060,精品-明星,reci1060,/fufei/reci1060/
33,付费精品,fufei,/fufei/,6661061,精品-失眠党,reci1061,/fufei/reci1061/
33,付费精品,fufei,/fufei/,6661062,精品国学智慧,reci1062,/fufei/reci1062/
33,付费精品,fufei,/fufei/,6661063,精品-启蒙,reci1063,/fufei/reci1063/
33,付费精品,fufei,/fufei/,6661064,精品-艺术,reci1064,/fufei/reci1064/
33,付费精品,fufei,/fufei/,6661065,精品-热剧,reci1065,/fufei/reci1065/
33,付费精品,fufei,/fufei/,6661066,精品-幽默,reci1066,/fufei/reci1066/
33,付费精品,fufei,/fufei/,6661067,精品-科学教育,reci1067,/fufei/reci1067/
33,付费精品,fufei,/fufei/,6661068,精品职场外挂,reci1068,/fufei/reci1068/
33,付费精品,fufei,/fufei/,6661092,精品-爆款网文,reci1092,/fufei/reci1092/
33,付费精品,fufei,/fufei/,6661166,精品-财富进阶,reci1166,/fufei/reci1166/
33,付费精品,fufei,/fufei/,6661168,精品-悬疑惊悚,reci1168,/fufei/reci1168/
33,付费精品,fufei,/fufei/,6661172,精品-爱学外语,reci1172,/fufei/reci1172/
33,付费精品,fufei,/fufei/,6661232,精品人文中国历史,reci1232,/fufei/reci1232/
33,付费精品,fufei,/fufei/,6661233,精品人文世界历史,reci1233,/fufei/reci1233/
33,付费精品,fufei,/fufei/,6661234,精品人文诗词歌赋,reci1234,/fufei/reci1234/
33,付费精品,fufei,/fufei/,6661235,精品人文经典名著,reci1235,/fufei/reci1235/
33,付费精品,fufei,/fufei/,6661236,精品人文运动养生,reci1236,/fufei/reci1236/
33,付费精品,fufei,/fufei/,6661237,精品人文佛与老庄,reci1237,/fufei/reci1237/
33,付费精品,fufei,/fufei/,6661238,精品人文哲学心灵,reci1238,/fufei/reci1238/
33,付费精品,fufei,/fufei/,6661239,精品人文故事杂谈,reci1239,/fufei/reci1239/
33,付费精品,fufei,/fufei/,6661240,精品中产财经,reci1240,/fufei/reci1240/
33,付费精品,fufei,/fufei/,6661241,精品前沿科普,reci1241,/fufei/reci1241/
33,付费精品,fufei,/fufei/,6661242,精品领导管理,reci1242,/fufei/reci1242/
33,付费精品,fufei,/fufei/,6661243,精品治愈心灵,reci1243,/fufei/reci1243/
33,付费精品,fufei,/fufei/,6661244,精品沟通能力,reci1244,/fufei/reci1244/
33,付费精品,fufei,/fufei/,6661245,精品历史书籍,reci1245,/fufei/reci1245/
33,付费精品,fufei,/fufei/,6661246,精品烧脑神书,reci1246,/fufei/reci1246/
33,付费精品,fufei,/fufei/,6661248,精品小白入门,reci1248,/fufei/reci1248/
33,付费精品,fufei,/fufei/,6661249,精品纯正口语,reci1249,/fufei/reci1249/
33,付费精品,fufei,/fufei/,6661250,精品小语种课,reci1250,/fufei/reci1250/
33,付费精品,fufei,/fufei/,6661251,精品英文原著,reci1251,/fufei/reci1251/
47,付费精品-外语,waiyufufei,/waiyufufei/,6660672,精品-英语,reci672,/waiyufufei/reci672/
47,付费精品-外语,waiyufufei,/waiyufufei/,6660675,精品-日语,reci675,/waiyufufei/reci675/
47,付费精品-外语,waiyufufei,/waiyufufei/,6660673,精品-法语,reci673,/waiyufufei/reci673/
47,付费精品-外语,waiyufufei,/waiyufufei/,6660674,精品-韩语,reci674,/waiyufufei/reci674/
47,付费精品-外语,waiyufufei,/waiyufufei/,6660677,精品-西语,reci677,/waiyufufei/reci677/
47,付费精品-外语,waiyufufei,/waiyufufei/,6660676,精品-德语,reci676,/waiyufufei/reci676/
47,付费精品-外语,waiyufufei,/waiyufufei/,6660955,精品-小语种,reci955,/waiyufufei/reci955/
47,付费精品-外语,waiyufufei,/waiyufufei/,6660960,精品-阅读,reci960,/waiyufufei/reci960/
47,付费精品-外语,waiyufufei,/waiyufufei/,6660961,精品-听力,reci961,/waiyufufei/reci961/
47,付费精品-外语,waiyufufei,/waiyufufei/,6660962,精品-考试,reci962,/waiyufufei/reci962/
47,付费精品-外语,waiyufufei,/waiyufufei/,6660963,精品-少儿,reci963,/waiyufufei/reci963/
47,付费精品-外语,waiyufufei,/waiyufufei/,6660964,精品-教材,reci964,/waiyufufei/reci964/
47,付费精品-外语,waiyufufei,/waiyufufei/,6660965,精品-口语,reci965,/waiyufufei/reci965/
54,付费精品-个人提升,gerenfufei,/gerenfufei/,6660713,精品-人际沟通,reci713,/gerenfufei/reci713/
54,付费精品-个人提升,gerenfufei,/gerenfufei/,6660714,精品-情商心理,reci714,/gerenfufei/reci714/
54,付费精品-个人提升,gerenfufei,/gerenfufei/,6660716,精品-专业技能,reci716,/gerenfufei/reci716/
54,付费精品-个人提升,gerenfufei,/gerenfufei/,6660797,精品-生活方式,reci797,/gerenfufei/reci797/
54,付费精品-个人提升,gerenfufei,/gerenfufei/,6660798,精品-职场提升,reci798,/gerenfufei/reci798/
51,付费精品-人文历史,renwenfufei,/renwenfufei/,6660685,精品-国学书院,reci685,/renwenfufei/reci685/
51,付费精品-人文历史,renwenfufei,/renwenfufei/,6660686,精品-经典名著,reci686,/renwenfufei/reci686/
51,付费精品-人文历史,renwenfufei,/renwenfufei/,6660687,精品-诗词歌赋,reci687,/renwenfufei/reci687/
51,付费精品-人文历史,renwenfufei,/renwenfufei/,6660688,精品-哲学心灵,reci688,/renwenfufei/reci688/
51,付费精品-人文历史,renwenfufei,/renwenfufei/,6660689,精品-艺术殿堂,reci689,/renwenfufei/reci689/
51,付费精品-人文历史,renwenfufei,/renwenfufei/,6660956,精品-中国史,reci956,/renwenfufei/reci956/
51,付费精品-人文历史,renwenfufei,/renwenfufei/,6660957,精品-世界史,reci957,/renwenfufei/reci957/
55,付费精品-有声读物,youshengduwufufei,/youshengduwufufei/,6660721,精品-言情,reci721,/youshengduwufufei/reci721/
55,付费精品-有声读物,youshengduwufufei,/youshengduwufufei/,6660722,精品-悬疑,reci722,/youshengduwufufei/reci722/
55,付费精品-有声读物,youshengduwufufei,/youshengduwufufei/,6660723,精品-都市,reci723,/youshengduwufufei/reci723/
55,付费精品-有声读物,youshengduwufufei,/youshengduwufufei/,6660724,精品-幻想,reci724,/youshengduwufufei/reci724/
55,付费精品-有声读物,youshengduwufufei,/youshengduwufufei/,6660725,精品-武侠,reci725,/youshengduwufufei/reci725/
55,付费精品-有声读物,youshengduwufufei,/youshengduwufufei/,6660726,精品-文学,reci726,/youshengduwufufei/reci726/
55,付费精品-有声读物,youshengduwufufei,/youshengduwufufei/,6660727,精品-历史,reci727,/youshengduwufufei/reci727/
55,付费精品-有声读物,youshengduwufufei,/youshengduwufufei/,6660728,精品-官场商战,reci728,/youshengduwufufei/reci728/
55,付费精品-有声读物,youshengduwufufei,/youshengduwufufei/,6660729,精品-经管,reci729,/youshengduwufufei/reci729/
55,付费精品-有声读物,youshengduwufufei,/youshengduwufufei/,6660730,精品-社科,reci730,/youshengduwufufei/reci730/
55,付费精品-有声读物,youshengduwufufei,/youshengduwufufei/,6660731,精品-女生最爱,reci731,/youshengduwufufei/reci731/
55,付费精品-有声读物,youshengduwufufei,/youshengduwufufei/,6660732,精品-男生最爱,reci732,/youshengduwufufei/reci732/
55,付费精品-有声读物,youshengduwufufei,/youshengduwufufei/,6660799,精品-经典畅销书,reci799,/youshengduwufufei/reci799/
55,付费精品-有声读物,youshengduwufufei,/youshengduwufufei/,6660802,精品-最热有声小说,reci802,/youshengduwufufei/reci802/
52,付费精品-商业财经,caijingfufei,/caijingfufei/,6660696,精品-认知课堂,reci696,/caijingfufei/reci696/
52,付费精品-商业财经,caijingfufei,/caijingfufei/,6660697,精品-理财教室,reci697,/caijingfufei/reci697/
52,付费精品-商业财经,caijingfufei,/caijingfufei/,6660698,精品-管理实战,reci698,/caijingfufei/reci698/
52,付费精品-商业财经,caijingfufei,/caijingfufei/,6660782,精品-投资攻略,reci782,/caijingfufei/reci782/
52,付费精品-商业财经,caijingfufei,/caijingfufei/,6660783,精品-商业技能,reci783,/caijingfufei/reci783/
53,付费精品-亲子教育,qinzifufei,/qinzifufei/,6660717,精品-教材详解,reci717,/qinzifufei/reci717/
53,付费精品-亲子教育,qinzifufei,/qinzifufei/,6660932,精品-英语启蒙,reci932,/qinzifufei/reci932/
53,付费精品-亲子教育,qinzifufei,/qinzifufei/,6660935,精品-国学历史,reci935,/qinzifufei/reci935/
53,付费精品-亲子教育,qinzifufei,/qinzifufei/,6660936,精品-卡通动画,reci936,/qinzifufei/reci936/
53,付费精品-亲子教育,qinzifufei,/qinzifufei/,6660937,精品-孕幼健康,reci937,/qinzifufei/reci937/
53,付费精品-亲子教育,qinzifufei,/qinzifufei/,6660938,精品-少儿文学,reci938,/qinzifufei/reci938/
53,付费精品-亲子教育,qinzifufei,/qinzifufei/,6660966,精品-科普知识,reci966,/qinzifufei/reci966/
